HEAD,0.000,113.000,
f000001,113.000,122.240,I think the principal that separates me is that 5 and a half million people came together on their own and put me on the ballot.
f000002,122.240,130.880,"I was not put on the ballot by either of the 2 parties; I was not put on the ballot by any PAC money, by any foreign lobbyist money, by any special interest money."
f000003,130.880,133.060,This is a movement that came from the people.
n000001,133.060,133.720,(SILENCE)
f000004,133.720,139.240,"This is the way the framers of the Constitution intended our government to be, a government that comes from the people."
n000002,139.240,140.480,(SILENCE)
f000005,140.480,156.820,"Over time we have developed a government that comes at the people, that comes from the top down, where the people are more or less treated as objects to be programmed during the campaign with commercials and media events and fear messages and personal attacks and things of that nature."
f000006,156.820,170.760,The thing that separates my candidacy and makes it unique is that this came from millions of people in 50 states all over this country who wanted a candidate that worked and belonged to nobody but them.
n000003,170.760,171.640,(SILENCE)
f000007,171.640,176.420,"I go into this race as their servant, and I belong to them."
f000008,176.420,180.620,So this comes from the people.
f000009,180.620,183.120,"Governor Clinton, a one minute response."
f000010,183.120,196.420,"The most important distinction in this campaign is that I represent real hope for change, a departure from trickle-down economics, a departure from tax and spend economics, to invest in growth."
f000011,196.420,201.480,"But before I can do that, I must challenge the American people to change, and they must decide."
n000004,201.480,202.800,(SILENCE)
f000012,202.800,209.400,"Tonight I say to the President: Mr. Bush, for 12 years you've had it your way."
f000013,209.400,212.200,You've had your chance and it didn't work.
n000005,212.200,213.000,(SILENCE)
f000014,213.000,214.720,It's time to change.
n000006,214.720,215.960,(SILENCE)
f000015,215.960,218.120,I want to bring that change to the American people.
n000007,218.120,218.680,(SILENCE)
f000016,218.680,223.640,But we must all decide first we have the courage to change for hope and a better tomorrow.
n000008,223.640,225.560,(SILENCE)
f000017,225.560,227.320,"President Bush, one minute response, sir."
n000009,227.320,227.920,(SILENCE)
f000018,227.920,231.760,"Well, I think one thing that distinguishes is experience."
n000010,231.760,232.400,(SILENCE)
f000019,232.400,234.420,I think we've dramatically changed the world.
f000020,234.420,238.960,"I'll talk about that a little bit later, but the changes are mind-boggling for world peace."
n000011,238.960,239.600,(SILENCE)
f000021,239.600,243.720,Kids go to bed at night without the same fear of nuclear war.
n000012,243.720,244.400,(SILENCE)
f000022,244.400,247.200,And change for change sake isn't enough.
n000013,247.200,247.960,(SILENCE)
f000023,247.960,253.880,"We saw that message in the late 70s when heard a lot about change, and what happened, that misery index went right through the roof."
n000014,253.880,254.480,(SILENCE)
f000024,254.480,258.240,But my economic program is the kind of change we want.
f000025,258.240,262.200,And the way we're going to get it done is we're going to have a brand new Congress.
n000015,262.200,262.560,(SILENCE)
f000026,262.560,264.980,A lot of them are thrown out because of all the scandals.
f000027,264.980,272.880,"I'll sit down with them, Democrats and Republicans alike, and work for my agenda for American renewal, which represents real change."
f000028,272.880,276.440,"But I'd say, if you had to separate out, I think it's experience at this level."
n000016,276.440,277.840,(SILENCE)
f000029,277.840,283.780,"Governor Clinton, how do you respond to the President on the -- you have two minutes -- on the question of experience?"
f000030,283.780,287.000,He says that is what distinguishes him from the other two of you.
n000017,287.000,289.360,(SILENCE)
f000031,289.360,291.800,"I believe experience counts, but it's not everything."
n000018,291.800,292.640,(SILENCE)
f000032,292.640,299.200,"Values, judgment, and the record that I have amassed in my state also should count for something."
f000033,299.200,301.660,I've worked hard to create good jobs and to educate people.
n000019,301.660,302.560,(SILENCE)
f000034,302.560,314.880,"My state now ranks first in the country in job growth this year, fourth in income growth, fourth in reduction of poverty, third in overall economic performance, according to a major news magazine."
n000020,314.880,315.880,(SILENCE)
f000035,315.880,319.240,That's because we believe in investing in education and in jobs.
n000021,319.240,319.920,(SILENCE)
f000036,319.920,321.260,And we have to change in this country.
n000022,321.260,322.040,(SILENCE)
f000037,322.040,331.320,"You know, my wife, Hillary, gave me a book about a year ago in which the author defined insanity as just doing the same old thing over and over again and expecting a different result."
n000023,331.320,332.480,(SILENCE)
f000038,332.480,334.720,We have got to have the courage to change.
n000024,334.720,335.400,(SILENCE)
f000039,335.400,337.160,"Experience is important, yes."
f000040,337.160,342.220,I've gotten a lot of good experience in dealing with ordinary people over the last year and month.
n000025,342.220,342.840,(SILENCE)
f000041,342.840,350.400,"I've touched more people's lives and seen more heartbreak and hope, more pain and more promise, than anybody else who's run for president this year."
n000026,350.400,351.000,(SILENCE)
f000042,351.000,354.160,I think the American people deserve better than they're getting.
f000043,354.160,359.840,"We have gone from first to thirteenth in wages in the world in the last twelve years, since Mr. Bush and Mr. Reagan have been in."
n000027,359.840,360.360,(SILENCE)
f000044,360.360,362.800,Personal income has dropped while people have worked harder.
n000028,362.800,363.200,(SILENCE)
f000045,363.200,367.520,"In the last four years, there have been twice as many bankruptcies as new jobs created."
n000029,367.520,367.880,(SILENCE)
f000046,367.880,369.220,We need a new approach.
n000030,369.220,369.760,(SILENCE)
f000047,369.760,371.760,The same old experience is not relevant.
n000031,371.760,372.120,(SILENCE)
f000048,372.120,388.880,"We're living in a new world after the Cold War, and what works in this new world is not trickle down, not government for the benefit of the privileged few, not tax and spend, but a commitment to invest in American jobs and American education, controlling American health care costs, and bringing the American people together."
n000032,388.880,389.360,(SILENCE)
f000049,389.360,390.280,That is what works.
n000033,390.280,390.600,(SILENCE)
f000050,390.600,393.400,And you can have the right kind of experience and the wrong kind of experience.
n000034,393.400,393.760,(SILENCE)
f000051,393.760,398.800,"Mine is rooted in the real lives of real people, and it will bring real results if we have the courage to change."
n000035,398.800,399.600,(SILENCE)
f000052,399.600,401.120,"President Bush, one minute to respond."
n000036,401.120,401.640,(SILENCE)
f000053,401.640,406.580,I just thought of another -- another big difference here between me.
f000054,406.580,412.600,"I don't believe Mr. Perot feels this way, but I know Governor Clinton did because I want to accurately quote him."
n000037,412.600,413.080,(SILENCE)
f000055,413.080,416.900,"He thinks, I think he said, that the country is coming apart at the seams."
n000038,416.900,417.680,(SILENCE)
f000056,417.680,424.640,"Now, I know that the only way he can win is to make everybody believe the economy's worse than it is."
n000039,424.640,425.000,(SILENCE)
f000057,425.000,428.040,"But this country is not coming apart at the seams, for heaven's sakes."
n000040,428.040,428.880,(SILENCE)
f000058,428.880,430.380,We're the United States of America.
f000059,430.380,435.120,"In spite of the economic problems, we're the most respected economy around the world."
n000041,435.120,435.880,(SILENCE)
f000060,435.880,437.100,Many would trade for it.
f000061,437.100,439.240,We've been caught up in a global slowdown.
n000042,439.240,439.680,(SILENCE)
f000062,439.680,448.260,"We can do much, much better, but we ought not try to convince the American people that America is a country that's coming apart at the seams."
n000043,448.260,449.160,(SILENCE)
f000063,449.160,458.020,I would hate to be running for president and think that the only way I could win would be to convince everybody how horrible things are.
f000064,458.020,461.940,"Yes, there are big problems, and yes, people are hurting."
f000065,461.940,476.260,"But I believe that this Agenda for American renewal I have is the answer to do it, and I believe we can get it done now, whereas we didn't in the past, because you're going to have a whole brand new bunch of people in the Congress that are going to have to listen to the same American people I'm listening to."
n000044,476.260,477.040,(SILENCE)
f000066,477.040,478.640,"Mr. Perot, a minute response, sir."
n000045,478.640,479.080,(SILENCE)
f000067,479.080,479.540,"Well, they've got a point."
f000068,479.540,482.840,I don't have any experience in running up a $4 trillion debt.
f000069,482.840,482.841,(Laughter.)
f000070,482.841,493.600,I don't have any experience in gridlock government where nobody takes responsibility for anything and everybody blames everybody else.
n000046,493.600,494.400,(SILENCE)
f000071,494.400,501.040,"I don't have any experience in creating the worst public school system in the industrialized world, the most violent crime-ridden society in the industrialized world."
f000072,501.040,504.440,Â&nbsp;But I do have a lot of experience in getting things done.
n000047,504.440,505.280,(SILENCE)
f000073,505.280,515.380,"So, if we're at a point in history where we want to stop talking about it and do it, I've got a lot of experience in figuring out how to solve problems, making the solutions work, and then moving on to the next one."
f000074,515.380,518.520,I've got a lot of experience in not taking 10 years to solve a 10-minute problem.
n000048,518.520,519.240,(SILENCE)
f000075,519.240,522.860,"So, if it's time for action, I think I have experience that counts."
f000076,522.860,525.960,"If there's more time for gridlock and talk and finger pointing, I'm the wrong man."
f000077,525.960,531.400,"President Bush, the question goes to you."
f000078,531.400,532.980,you have two minutes.
f000079,532.980,538.360,And the question is this: Are there important issues of character separating you from these other two men?
n000049,538.360,538.960,(SILENCE)
f000080,538.960,541.760,I think the American people should be the judge of that.
n000050,541.760,542.680,(SILENCE)
f000081,542.680,546.760,I think character is a very important question.
n000051,546.760,547.200,(SILENCE)
f000082,547.200,565.800,I said something the other day where I was accused of being like Joe McCarthy because I questioned -- I put it this way; I think it's wrong to demonstrate against your own country or organize demonstrations against your own country in foreign soil.
f000083,565.800,566.680,I just think it's wrong.
n000052,566.680,567.400,(SILENCE)
f000084,567.400,571.000,"I -- well, maybe they say, ""Well, it was a youthful indiscretion."""
n000053,571.000,571.480,(SILENCE)
f000085,571.480,577.520,I was 19 or 20 flying off an aircraft carrier and that shaped me to be Commander-in-Chief of the armed forces.
n000054,577.520,578.160,(SILENCE)
f000086,578.160,582.420,"And I'm sorry, but demonstrating -- it's not a question of patriotism."
f000087,582.420,585.540,It's a question of character and judgment.
f000088,585.540,588.680,"They get on me -- Bill's gotten on me about, ""read my lips."""
f000089,588.680,591.240,When I make a mistake I'll admit it.
f000090,591.240,609.660,But he has made -- not admitted a mistake and I just find it impossible to understand how an American can demonstrate against his own country in a foreign land -- organizing demonstrations against it when young men are held prisoner in Hanoi or kids out of the ghetto were drafted.
n000055,609.660,610.400,(SILENCE)
f000091,610.400,612.740,"Some say, ""well, you're a little old fashioned."""
f000092,612.740,615.180,"Maybe I am, but I just don't think that's right."
n000056,615.180,615.560,(SILENCE)
f000093,615.560,623.800,"Now, whether it's character or judgment -- whatever it is -- I have a big difference here on this issue and so we'll just have to see how it plays out."
f000094,623.800,627.600,But I -- I couldn't do that.
f000095,627.600,629.480,And I don't think most Americans could do that.
n000057,629.480,630.120,(SILENCE)
f000096,630.120,631.880,"And they all say, ""Well, it was a long time ago."""
f000097,631.880,632.840,"Well, let's admit it then."
f000098,632.840,634.380,"Say, ""I made a terrible mistake."""
n000058,634.380,635.000,(SILENCE)
f000099,635.000,647.620,"How could you be Commander-in-Chief of the armed forces and have some kid say -- when you have to make a tough decision, as I did in Panama or Kuwait and then have some kid jump up and say, ""Well, I'm not going to go."
f000100,647.620,653.680,The Commander-in-Chief was organizing demonstrations halfway around the world during another era.
n000059,653.680,654.200,(SILENCE)
f000101,654.200,659.820,So there are differences but that's about the main area where I think we have a difference.
f000102,659.820,663.440,I don't know about -- we'll talk about that a little with Ross here in a bit.
n000060,663.440,664.480,(SILENCE)
f000103,664.480,668.120,"Mr. Perot, you have one minute."
f000104,668.120,681.820,I think the American people will make their own decisions on character and at a time when we have work to do and we need action I think they need to clearly understand the backgrounds of each person.
f000105,681.820,688.600,I think the press can play a huge roll in making sure that the backgrounds are clearly presented in an objective way.
n000061,688.600,689.800,(SILENCE)
f000106,689.800,691.240,"Then, make a decision."
f000107,691.240,694.320,Certainly anyone in the White House should have the character to be there.
n000062,694.320,695.160,(SILENCE)
f000108,695.160,699.800,"But, I think it's very important to measure when and where things occurred."
f000109,699.800,702.840,"Did they occur when you were a young person, in your formative years?"
n000063,702.840,703.280,(SILENCE)
f000110,703.280,707.280,Or did they occur while you were a senior official in the federal government?
f000111,707.280,716.140,"When youâ€™re a senior official in the federal government spending billions of dollars in taxpayerâ€™s money and youâ€™re a mature individual and you make a mistake, then that was on our ticket."
n000064,716.140,717.080,(SILENCE)
f000112,717.080,718.840,"If you make it as a young man, time passes."
n000065,718.840,719.600,(SILENCE)
f000113,719.600,722.480,"So I would say just, you know, look at all three of us."
n000066,722.480,723.480,(SILENCE)
f000114,723.480,725.760,Decide who you think will do the job.
n000067,725.760,726.520,(SILENCE)
f000115,726.520,734.160,"Pick that person in November because believe me, as I've said before, ""The party's over and it's time for the clean-up crew."""
f000116,734.160,743.040,And we do have to have change and people who never take responsibility for anything when it happens on their watch and people who are in charge --
n000068,743.040,743.920,(SILENCE)
f000117,743.920,744.840,Your time is up.
n000069,744.840,746.480,(SILENCE)
f000118,746.480,747.120,The time is up.
f000119,747.120,747.121,(Laughter).
f000120,747.121,747.900,The time is up.
f000121,747.900,748.480,More later.
n000070,748.480,748.840,(SILENCE)
f000122,748.840,751.040,"Governor Clinton, you have one minute."
n000071,751.040,752.080,(SILENCE)
f000123,752.080,755.360,Ross gave a good answer but I've got to respond directly to Mr. Bush.
n000072,755.360,756.360,(SILENCE)
f000124,756.360,758.600,You have questioned my patriotism.
n000073,758.600,759.320,(SILENCE)
f000125,759.320,759.440,(Inaudible).
f000126,759.440,769.120,"You even brought some right-wing congressman into the White House to plot how to attack me for going to Russia in 1969-70, when over 50,000 other Americans did."
n000074,769.120,769.680,(SILENCE)
f000127,769.680,781.200,"Now, I honor your service in World War II, I honor Mr. Perot's service in uniform and the service of every man and woman who ever served, including Admiral Crowe, who was your Chairman of the joint Chiefs and who's supporting me."
n000075,781.200,782.440,(SILENCE)
f000128,782.440,789.280,But when Joe McCarthy went around this country attacking people's patriotism he was wrong.
n000076,789.280,790.000,(SILENCE)
f000129,790.000,790.680,He was wrong.
n000077,790.680,791.240,(SILENCE)
f000130,791.240,795.180,And a senator from Connecticut stood up to him named Prescott Bush.
f000131,795.180,799.920,"Your father was right to stand up to Joe McCarthy, you were wrong to attack my patriotism."
n000078,799.920,800.240,(SILENCE)
f000132,800.240,806.440,"I was opposed to the war but I loved my country and we need a president who will bring this country together, not divide it."
f000133,806.440,807.560,We've had enough division.
f000134,807.560,812.680,I want to lead a unified country.
f000135,812.680,812.681,(APPLAUSE)
f000136,812.681,815.320,We move now to the subject of taxes and spending.
f000137,815.320,818.420,The question goes to Governor Clinton for a two minutes answer.
f000138,818.420,819.980,It will be asked by Ann Compton.
f000139,819.980,820.240,ANN
n000079,820.240,820.960,(SILENCE)
f000140,820.960,835.720,"Governor Clinton, can you lock in a level here tonight on where middle-income families can be guaranteed a tax cut or, at the very least, at what income level they can be guaranteed no tax increase?"
n000080,835.720,836.880,(SILENCE)
f000141,836.880,842.800,"The tax increase I have proposed triggers in at family incomes of $200,000 and above."
f000142,842.800,848.080,Those are the people who in the 1980s had their incomes go up while their taxes went down.
f000143,848.080,860.440,"Middle-class people, defined as people with incomes of $52,000 and down, had their incomes go down while their taxes went up in the Reagan-Bush years because of 6 increases in the payroll taxes."
n000081,860.440,860.800,(SILENCE)
f000144,860.800,863.120,So that is where my income limit would trigger.
f000145,863.120,866.860,There will be no tax increases--
f000146,866.860,867.000,Right.
f000147,867.000,867.240,My plan -
f000148,867.240,868.200,"--below 200,000--"
n000082,868.200,868.680,(SILENCE)
f000149,868.680,876.260,"--notwithstanding my opponent's ad, my plan triggers in at gross incomes, family incomes of $200,000 and above."
f000150,876.260,884.620,"Then we want to give modest middle-class tax relief to restore some fairness, especially to middle- class people with families with incomes of under $60,000."
f000151,884.620,900.680,"In addition to that, the money that I raise from upper-income people and from asking foreign corporations just to pay the same income on their income earned in America that American corporations do will be used to give incentives back to upper-income people."
f000152,900.680,916.360,"I want to give people permanent incentives on investment tax credit, like President Kennedy and the Congress inaugurated in the early '60s to get industry moving again; a research and development tax credit; a low-income housing tax credit; a long-term capital gains proposal for new business and business expansions."
n000083,916.360,916.720,(SILENCE)
f000153,916.720,918.760,We've got to have no more trickle down.
f000154,918.760,921.560,We don't need across-the-board tax cuts for the wealthy for nothing.
f000155,921.560,925.920,"We need to say here's your tax incentive: if you create American jobs, the old-fashioned way."
n000084,925.920,926.320,(SILENCE)
f000156,926.320,936.240,"I'd like to create more millionaires than were created under Mr. Bush and Mr. Reagan, but I don't want to have 4 years where we have no growth in the private sector, and that's what's happened in the last 4 years."
f000157,936.240,938.980,"We're down 35,000 jobs in the private sector."
n000085,938.980,939.440,(SILENCE)
f000158,939.440,942.080,"We need to invest and grow, and that's what I want to do."
f000159,942.080,944.440,"President Bush, one minute, sir."
n000086,944.440,944.880,(SILENCE)
f000160,944.880,946.620,"Well, let me--I have to correct one thing."
f000161,946.620,948.720,I didn't question the man's patriotism.
f000162,948.720,951.160,I questioned his judgment and his character.
n000087,951.160,951.800,(SILENCE)
f000163,951.800,953.400,"What he did in Moscow, that's fine."
f000164,953.400,954.240,Let him explain it.
f000165,954.240,954.760,He did.
f000166,954.760,955.660,I accept that.
f000167,955.660,962.220,What I don't accept is demonstrating and organizing demonstrations in a foreign country when your country's at war.
f000168,962.220,962.920,I'm sorry.
f000169,962.920,964.640,I cannot accept that.
f000170,964.640,968.800,In terms of this one on taxes spells out the biggest difference between us.
n000088,968.800,969.320,(SILENCE)
f000171,969.320,976.720,I do not believe we need to go back to the Mondale proposals or the Dukakis proposals of tax and spend.
f000172,976.720,983.040,"Governor Clinton says $200,000 but he also says he wants to raise $150 billion."
f000173,983.040,987.560,"Taxing people over $200,000 will not get you $150 billion."
f000174,987.560,993.340,"And then when you add in his other spending proposals, regrettably you end up socking it to the working man."
f000175,993.340,1003.320,That old adage they use--we're going to soak the rich- -we're going to soak the rich--it always ends up being the poor cab driver or the working man that ends up paying the bill.
n000089,1003.320,1003.800,(SILENCE)
f000176,1003.800,1005.920,And so I just have a different approach.
f000177,1005.920,1013.760,"I believe the way to get the deficit down is to control the growth of mandatory spending programs, and not raise taxes on the American people."
f000178,1013.760,1014.880,We've got a big difference there.
n000090,1014.880,1015.320,(SILENCE)
f000179,1015.320,1017.320,"Mr. Perot, one minute."
f000180,1017.320,1017.321,(APPLAUSE)
f000181,1017.321,1027.400,"We've got to have a growing, expanding job base to give us a growing, expanding tax base."
f000182,1027.400,1032.900,"Right now we have a flat to deteriorating job base and where it appears to be growing, it's minimum-wage jobs."
n000091,1032.900,1033.680,(SILENCE)
f000183,1033.680,1036.000,So we've got to really rebuild our job base.
f000184,1036.000,1039.260,That's going to take money for infrastructure and investment to do that.
f000185,1039.260,1041.420,Our foreign competitors are doing it; we're not.
n000092,1041.420,1042.840,(SILENCE)
f000186,1042.840,1051.400,"We cannot pay off the $4 trillion debt, balance the budget and have the industries of the future and the high- paying jobs in this country without having the revenue."
n000093,1051.400,1051.840,(SILENCE)
f000187,1051.840,1054.460,We're going to go through a period of shared sacrifice.
f000188,1054.460,1055.460,There's one challenge.
f000189,1055.460,1056.320,It's got to be fair.
n000094,1056.320,1057.080,(SILENCE)
f000190,1057.080,1061.200,"We've created a mess, don't have much to show for it and we have got to fix it."
n000095,1061.200,1061.560,(SILENCE)
f000191,1061.560,1064.860,And that's about all I can say in a minute.
f000192,1064.860,1065.320,Okay.
f000193,1065.320,1073.480,"(APPLAUSE) Next question goes to President Bush for a 2-minute answer, and it will be asked by Sandy Vanocur."
n000096,1073.480,1074.320,(SILENCE)
f000194,1074.320,1090.240,"Mr. President, this past week your secretary of the Army, Michael Stone, said he had no plans to abide by a congressional mandate to cut US forces in Europe from 150 to 100 thousand by the end of September 1996."
n000097,1090.240,1090.720,(SILENCE)
f000195,1090.720,1105.280,"Now, why, almost 50 years after the end of World War II, and with the total collapse of the Soviet Union, should American taxpayers be taxed to support armies in Europe when the Europeans have plenty of money to do it for themselves?"
n000098,1105.280,1105.680,(SILENCE)
f000196,1105.680,1112.280,"Well, Sander, that's a good question, and the answer is: for 40-some years we kept the peace."
n000099,1112.280,1112.720,(SILENCE)
f000197,1112.720,1117.340,"If you look at the cost of not keeping the peace in Europe, it would be exorbitant."
n000100,1117.340,1117.880,(SILENCE)
f000198,1117.880,1121.960,We have reduced the number of troops that are deployed and going to be deployed.
n000101,1121.960,1122.360,(SILENCE)
f000199,1122.360,1123.920,I have cut defense spending.
n000102,1123.920,1124.360,(SILENCE)
f000200,1124.360,1130.580,And the reason we could do that is because of our fantastic success in winning the Cold War.
f000201,1130.580,1138.680,We never would have got there if we had gone for the nuclear freeze crowd; we never would have got there if we had listened to those that wanted to cut defense spending.
f000202,1138.680,1144.800,I think it is important that the US stay in Europe and continue to guarantee the peace.
n000103,1144.800,1145.280,(SILENCE)
f000203,1145.280,1146.920,We simply cannot pull back.
n000104,1146.920,1147.240,(SILENCE)
f000204,1147.240,1153.240,"Now, when anybody has a spending program they want to spend money on at home, they say, well, let's cut money out of the Defense Dept."
n000105,1153.240,1154.080,(SILENCE)
f000205,1154.080,1162.560,"I will accept and have accepted the recommendations of 2 proven leaders, General Colin Powell and Secretary Dick Cheney."
n000106,1162.560,1163.160,(SILENCE)
f000206,1163.160,1167.540,They feel that the levels we're operating at and the reductions that I have proposed are proper.
n000107,1167.540,1168.120,(SILENCE)
f000207,1168.120,1174.680,And so I simply do not think we should go back to the isolation days and starting blaming foreigners.
n000108,1174.680,1175.040,(SILENCE)
f000208,1175.040,1178.360,"We are the sole remaining superpower, and we should be that."
n000109,1178.360,1178.720,(SILENCE)
f000209,1178.720,1181.840,And we have a certain disproportionate responsibility.
f000210,1181.840,1190.420,"But I would ask the American people to understand that if we make imprudent cuts, if we go too far, we risk the peace."
f000211,1190.420,1191.600,And I don't want to do that.
n000110,1191.600,1192.000,(SILENCE)
f000212,1192.000,1198.580,"I've seen what it is like to see a war, to see the burdens of a war, and I don't want to see us make reckless cuts."
f000213,1198.580,1203.460,Because of our programs we have been able to significantly cut defense spending.
n000111,1203.460,1203.880,(SILENCE)
f000214,1203.880,1215.800,"But let's not cut into the muscle, and let's not cut down our insurance policy, which is participation of American forces in NATO, the greatest peace- keeping organization ever made."
f000215,1215.800,1222.400,"Today you've got problems in Europe, still bubbling along even though Europe's gone democracy's route."
n000112,1222.400,1222.960,(SILENCE)
f000216,1222.960,1227.960,"But we are there, and I think this insurance policy is necessary."
f000217,1227.960,1233.600,"I think it goes with world leadership, and I think the levels we've come up with are just about right."
n000113,1233.600,1234.280,(SILENCE)
f000218,1234.280,1235.520,"Mr. Perot, one minute, sir."
n000114,1235.520,1237.480,(SILENCE)
f000219,1237.480,1241.620,"If I'm poor and you're rich, and I can get you to defend me, that's good."
f000220,1241.620,1245.120,"But when the tables get turned, I ought to do my share."
n000115,1245.120,1245.720,(SILENCE)
f000221,1245.720,1254.960,"Right now we spend about $300 billion a year on defense, the Japanese spend around 30 billion in Asia, the Germans spend around 30 billion in Europe."
f000222,1254.960,1258.680,"For example, Germany will spend a trillion dollars building infrastructure over the next 10 years."
f000223,1258.680,1265.300,It's kind of easy to do if you only have to pick up a $30-billion tab to defend your country.
n000116,1265.300,1266.520,(SILENCE)
f000224,1266.520,1270.280,The European Community is in a position to pay a lot more than they have in the past.
f000225,1270.280,1273.840,"I agree with the president: when they couldn't, we should have; now that they can, they should."
n000117,1273.840,1274.680,(SILENCE)
f000226,1274.680,1277.920,We sort of seem to have a desire to try to stay over there and control it.
f000227,1277.920,1279.960,"They don't want us to control it, very candidly."
n000118,1279.960,1281.280,(SILENCE)
f000228,1281.280,1301.300,"So it I think is very important for us to let them assume more and more of the burden and for us to bring that money back here and rebuild our infrastructure, because we can only be a superpower if we are an economic superpower; and we can only be an economic superpower if we have a growing, expanding job base."
f000229,1301.300,1301.401,(APPLAUSE)
f000230,1301.401,1305.200,"Governor Clinton, one minute, sir."
n000119,1305.200,1306.920,(SILENCE)
f000231,1306.920,1309.840,I agree with the general statement Mr. Bush made.
f000232,1309.840,1313.640,"I disagree that we need 150,000 troops to fulfill our role in Europe."
f000233,1313.640,1316.240,We certainly must maintain an engagement there.
f000234,1316.240,1322.160,"There are certainly dangers there, there are certainly other trouble spots in the world which are closer to Europe than to the US."
n000120,1322.160,1323.040,(SILENCE)
f000235,1323.040,1333.480,"But 2 former defense secretaries recently issued a report saying that 100,000 or slightly fewer troops would be enough, including President Reagan's former defense secretary, Mr. Carlucci."
n000121,1333.480,1334.160,(SILENCE)
f000236,1334.160,1337.080,Many of the military experts whom I consulted on this agreed.
n000122,1337.080,1337.640,(SILENCE)
f000237,1337.640,1346.960,"We're going to have to spend more money in the future on military technology and on greater mobility, greater airlift, greater sealift, the B-22 airplane."
f000238,1346.960,1349.260,We're going to have to do some things that are quite costly.
f000239,1349.260,1364.300,"And I simply don't believe we can afford nor do we need to keep 150,000 troops in Europe given how much the Red Army, now under the control of Russia, has been cut, the arms control agreement concluded between Mr. Bush and Mr. Yeltsin, something I have applauded."
f000240,1364.300,1366.120,"I don't think we need 150,000 troops."
n000123,1366.120,1366.520,(SILENCE)
f000241,1366.520,1367.520,Let me make one other point.
n000124,1367.520,1368.160,(SILENCE)
f000242,1368.160,1369.740,Mr. Bush talked about taxes.
f000243,1369.740,1380.000,He didn't tell you that he vetoed a middle class tax cut because it would be paid for by raising taxes on the wealthy and vetoed an investment tax credit paid for by raising taxes on the wealthy.
n000125,1380.000,1380.960,(SILENCE)
f000244,1380.960,1381.260,All right.
f000245,1381.260,1386.640,"We go now to Mr. Perot for a 2-minute question, and it will be asked by John Mashek."
n000126,1386.640,1387.360,(SILENCE)
f000246,1387.360,1391.280,"Mr Perot, you talked about fairness just a minute ago and sharing the pain."
n000127,1391.280,1391.600,(SILENCE)
f000247,1391.600,1400.600,"As part of your plan to reduce the ballooning federal deficit, you've suggested that we raise gasoline taxes 50 cents a gallon over 5 years."
n000128,1400.600,1401.000,(SILENCE)
f000248,1401.000,1403.680,Why punish the middle class consumer to such a degree?
n000129,1403.680,1405.600,(SILENCE)
f000249,1405.600,1408.380,It's 10 cents a year cumulative.
f000250,1408.380,1410.880,It finally gets to 50 cents at the end of the 5th year.
n000130,1410.880,1413.360,(SILENCE)
f000251,1413.360,1414.880,"I think ""punish"" is the wrong word."
f000252,1414.880,1416.720,"Again, see, I didn't create this problem."
f000253,1416.720,1417.640,We're trying to solve it.
n000131,1417.640,1418.080,(SILENCE)
f000254,1418.080,1428.840,"Now, if you study our international competitors, some of our international competitors collect up to $3.50 a gallon in taxes, and they use that money to build infrastructure and to create jobs."
f000255,1428.840,1431.320,"We collect 35 cents, and we don't have it to spend."
n000132,1431.320,1432.240,(SILENCE)
f000256,1432.240,1437.100,"I know it's not popular, and I understand the nature of your question."
n000133,1437.100,1437.720,(SILENCE)
f000257,1437.720,1445.680,But the people who will be helped the most by it are the working people who will get the jobs created because of this tax.
n000134,1445.680,1446.520,(SILENCE)
f000258,1446.520,1447.480,Why do we have to do it?
n000135,1447.480,1448.240,(SILENCE)
f000259,1448.240,1453.320,"Because we have so mismanaged our country over the years, and it is now time to pay the fiddler."
f000260,1453.320,1457.840,"And if we don't, we will be spending our children's money."
n000136,1457.840,1458.720,(SILENCE)
f000261,1458.720,1460.480,We have spent $4 trillion worth.
n000137,1460.480,1460.920,(SILENCE)
f000262,1460.920,1469.820,An incredible number of young people are active in supporting my effort because they are deeply concerned that we have taken the American dream from them.
f000263,1469.820,1474.440,I think it's fitting that we're on the campus of a university tonight.
f000264,1474.440,1479.840,"These young people, when they get out of this wonderful university, will have difficulty finding a job."
n000138,1479.840,1480.800,(SILENCE)
f000265,1480.800,1485.480,"We've got to clean this mess up, leave this country in good shape, and pass on the American dream to them."
n000139,1485.480,1486.120,(SILENCE)
f000266,1486.120,1488.660,We've got to collect the taxes to do it.
f000267,1488.660,1499.360,"If there's a fairer way, I'm all ears (laughter) --aah."
f000268,1499.360,1502.880,"(Laughter and applause) But--but--see, let me make it very clear."
f000269,1502.880,1508.200,"If people don't have the stomach to fix these problems, I think it's a good time to face it, November."
f000270,1508.200,1512.160,"If they do, then they will have heard the harsh reality of what we have to do."
f000271,1512.160,1514.560,I'm not playing Lawrence Welk music tonight.
n000140,1514.560,1515.400,(SILENCE)
f000272,1515.400,1517.200,"All right, Governor Clinton, you have a minute, sir."
n000141,1517.200,1518.120,(SILENCE)
f000273,1518.120,1527.600,"I think Mr. Perot has confronted this deficit issue, but I think it's important to point out that we really have 2 deficits in America, not one."
n000142,1527.600,1528.480,(SILENCE)
f000274,1528.480,1535.000,"We have a budget deficit in the federal government, but we also have an investment, a jobs, an income deficit."
n000143,1535.000,1536.080,(SILENCE)
f000275,1536.080,1543.840,"People are working harder for less money than they were making 10 years ago, 2- 3rds of our people--a $1600 drop in average income in just the last 2 years."
n000144,1543.840,1544.400,(SILENCE)
f000276,1544.400,1555.680,"The problem I have with the Perot prescription is that almost all economists who've looked at it say that if you cut the deficit this much this quick it will increase unemployment, it will slow down the economy."
n000145,1555.680,1556.240,(SILENCE)
f000277,1556.240,1558.920,That's why I think we shouldn't do it that quickly.
f000278,1558.920,1567.080,"We have a disciplined reduction in the deficit of 50 % over the next 4 years, but first get incentives to invest in this economy, put the American people back to work."
f000279,1567.080,1568.760,We've got to invest and grow.
n000146,1568.760,1569.280,(SILENCE)
f000280,1569.280,1582.320,"9 Nobel Prize-winning economists and 500 others, including numerous Republican and Democratic business executives, have endorsed this approach because it offers the best hope to put America back to work and get our incomes rising instead of falling."
n000147,1582.320,1583.120,(SILENCE)
f000281,1583.120,1584.100,"President Bush, one minute, sir."
f000282,1584.100,1586.260,Your question was on fairness.
f000283,1586.260,1588.620,I just disagree with Mr. Perot.
f000284,1588.620,1598.340,"I don't believe it is fair to slap a 50-cent-a-gallon tax over whatever many years on the people that have to drive for a living, people that go long distances."
f000285,1598.340,1599.880,I don't think we need to do it.
n000148,1599.880,1600.400,(SILENCE)
f000286,1600.400,1601.800,"You see, I have a fundamental difference."
f000287,1601.800,1609.380,"I agree with what he's talking about in trying to get this spending down and the discipline, although I think we ought to totally exempt Social Security."
f000288,1609.380,1612.640,"But he's talking tough medicine, and I think that's good."
f000289,1612.640,1615.960,I disagree with the tax-and-spend philosophy.
n000149,1615.960,1616.360,(SILENCE)
f000290,1616.360,1622.200,"You see, I don't think we need to tax more and spend more, and then say that's going to make the problem better."
f000291,1622.200,1625.280,And I'm afraid that's what I think I'm hearing from Governor Clinton.
f000292,1625.280,1633.560,I believe what you need to do is some of what Ross is talking about: control the growth of mandatory spending and get taxes down.
f000293,1633.560,1636.580,He's mentioned some ways to do it--and I agree with those.
f000294,1636.580,1642.600,"I've been talking about getting a capital gains cut forever, and his friends in Congress have been telling me that's a tax break for the rich."
f000295,1642.600,1644.480,It would stimulate investment.
n000150,1644.480,1644.880,(SILENCE)
f000296,1644.880,1651.740,I'm for an investment tax allowance; I'm for a tax break for first- time homebuyers.
f000297,1651.740,1659.080,"And with this new Congress coming in, gridlock will be gone, and I'll sit down with them and say let's get this done."
f000298,1659.080,1662.560,But I do not want to go the tax-and-spend route.
f000299,1662.560,1665.540,"All right, let's move on now to the subject of jobs."
f000300,1665.540,1670.240,"The first question goes to President Bush for 2 minutes, and John will ask that question."
n000151,1670.240,1670.840,(SILENCE)
f000301,1670.840,1679.440,"Mr. President, last month you came to St. Louis to announce a very lucrative contract for McDonnell Douglas to build F-15s for Saudi Arabia."
f000302,1679.440,1688.240,"In today's Post- Dispatch, a retired saleswoman, a 75-year-old woman named Marjorie Roberts, asked if she could ask a question of the candidates."
f000303,1688.240,1697.520,She said she wanted to register her concern about the lack of a plan to convert our defense-oriented industries into other purposes.
n000152,1697.520,1697.880,(SILENCE)
f000304,1697.880,1699.800,How would you answer her.
f000305,1699.800,1707.580,"I assume she was supportive of the decision on McDonnell Douglas, I assume she was supporting me on the decision to sell those airplanes."
n000153,1707.580,1708.080,(SILENCE)
f000306,1708.080,1714.400,"I think it's a good decision--took a little heat for it, but I think it was the correct decision to do."
f000307,1714.400,1719.480,"And we worked it out, and indeed we're moving forward all around the world in a much more peaceful way."
f000308,1719.480,1724.240,So that one we came away with in creating jobs for the American people.
n000154,1724.240,1724.600,(SILENCE)
f000309,1724.600,1731.020,"I would simply say to her, look, take a look at what the president has proposed on job retraining."
f000310,1731.020,1735.320,"When you cut back on defense spending, some people are going to be thrown out of work."
n000155,1735.320,1735.760,(SILENCE)
f000311,1735.760,1742.000,"If you throw another 50,000 kids on the street because of cutting recklessly in troop levels, you're going to put a lot more out of work."
f000312,1742.000,1746.760,"I would say to them, look at the job retraining programs that we're proposing."
n000156,1746.760,1747.160,(SILENCE)
f000313,1747.160,1749.440,Therein is the best answer to her.
n000157,1749.440,1749.800,(SILENCE)
f000314,1749.800,1753.360,And another one is: stimulate investment and savings.
n000158,1753.360,1753.920,(SILENCE)
f000315,1753.920,1760.440,"I mean, we've got big economic problems, but we are not coming apart at the seams; we're ready for a recovery."
f000316,1760.440,1777.060,"With interest rates down and inflation down, the cruelest tax of all, caught up in a global slowdown right now, that that will change if you go with the programs I've talked about and if you help with job retraining and education."
f000317,1777.060,1784.740,I am a firm believer that our America 2000 education problem is the answer--a little longer run; it's going to take awhile to educate.
f000318,1784.740,1786.120,But it is a good program.
n000159,1786.120,1786.440,(SILENCE)
f000319,1786.440,1792.320,"So her best help for short term is job retraining, if she was thrown out of work at a defense plant."
f000320,1792.320,1798.720,"But tell her it's not all that gloomy; we're the US, we faced tough problems before."
f000321,1798.720,1805.040,Look at the misery index when the Democrats had both the White House and the Congress.
f000322,1805.040,1806.520,It was just right through the roof.
n000160,1806.520,1806.960,(SILENCE)
f000323,1806.960,1808.160,"Now, we can do better."
n000161,1808.160,1808.560,(SILENCE)
f000324,1808.560,1815.260,"And the way to do better is not to tax and spend but to retrain, get that control of the mandatory spending programs."
f000325,1815.260,1819.640,I'm much more optimistic about this country than some.
f000326,1819.640,1819.641,(APPLAUSE)
f000327,1819.641,1821.640,Mr. Perot?
f000328,1821.640,1825.400,"Mr. Perot, you have one minute, sir."
n000162,1825.400,1825.760,(SILENCE)
f000329,1825.760,1828.980,Defense industries are going to have to convert to civilian industries.
f000330,1828.980,1829.680,Many of them are.
n000163,1829.680,1830.440,(SILENCE)
f000331,1830.440,1832.220,"And the sooner they start, the sooner they'll finish."
f000332,1832.220,1834.120,And there will be a significant transition.
n000164,1834.120,1834.760,(SILENCE)
f000333,1834.760,1840.480,And it's very important that we not continue to let our industrial base deteriorate.
f000334,1840.480,1847.720,We had someone who I'm sure regrets said it in the president's staff said he didn't care whether we made potato chips or computer chips.
n000165,1847.720,1849.000,(SILENCE)
f000335,1849.000,1851.400,"Well, anybody that thinks about it cares a great deal."
n000166,1851.400,1852.800,(SILENCE)
f000336,1852.800,1860.940,"Number one, you make more making computer chips than potato chips; and, number 2, 19 out of 20 computer chips that we have in this country now come from Japan."
f000337,1860.940,1861.980,We've given away whole industries.
n000167,1861.980,1862.520,(SILENCE)
f000338,1862.520,1866.280,"So as we phase these industries over, there's a whole of intellectual talent in these industries."
n000168,1866.280,1866.640,(SILENCE)
f000339,1866.640,1873.280,"A lot of these people in industries can be converted to the industries of tomorrow, and that's where the high-paying jobs are."
f000340,1873.280,1877.520,We need to have a very carefully thought through phase-over.
n000169,1877.520,1878.320,(SILENCE)
f000341,1878.320,1880.840,"Now, see, we practice 19th century capitalism."
n000170,1880.840,1881.440,(SILENCE)
f000342,1881.440,1886.140,The rest of the world practices 21st century capitalism.
f000343,1886.140,1888.760,"I can't handle that in a minute, but I hope we can get back into it later."
f000344,1888.760,1896.020,"In the rest of the world, the countries and the businesses would be working together to make this transition in an intelligent way."
f000345,1896.020,1897.800,"Governor Clinton, you have one minute, sir."
f000346,1897.800,1903.360,We must have a transition plan to plan to convert from a defense to a domestic economy.
n000171,1903.360,1904.680,(SILENCE)
f000347,1904.680,1908.180,No other nation would have cut defense as much as we already have without that.
f000348,1908.180,1919.160,"There are 200,000 people unemployed in California alone because we have cut defense without planning to retrain them and to reinvest in the technologies of the future here at home."
n000172,1919.160,1919.720,(SILENCE)
f000349,1919.720,1920.840,That is what I want to do.
n000173,1920.840,1921.640,(SILENCE)
f000350,1921.640,1930.000,"This administration may say they have a plan, but the truth is they have not even released all the money, the paltry sum of money, that Congress appropriated."
n000174,1930.000,1930.440,(SILENCE)
f000351,1930.440,1940.220,"I want to take very dollar by which we reduce defense and reinvest it in technologies for the 21st century--in new transportation, in communication, in environmental clean-up technologies."
f000352,1940.220,1947.340,"Let's put the American people to work, and let's build the kind of high-tech, high-wage, high-growth economy that the American people deserve."
n000175,1947.340,1948.240,(SILENCE)
f000353,1948.240,1948.460,All right.
f000354,1948.460,1951.360,The next question goes to Mr. Perot for a 2-minute answer.
f000355,1951.360,1952.920,It will be asked by Ann.
n000176,1952.920,1953.360,(SILENCE)
f000356,1953.360,1953.480,Ann?
f000357,1953.480,1957.100,"Mr. Perot, you talked a minute ago about rebuilding the job base."
f000358,1957.100,1963.520,"But is it true what Governor Clinton just said, that that means that unemployment will increase, that it will slow the economy?"
f000359,1963.520,1970.080,And how would you specifically use the powers of the presidency to get more people back into good jobs immediately?
n000177,1970.080,1971.160,(SILENCE)
f000360,1971.160,1981.600,"Step one, the American people send me up there, the day after election, I'll get with congressional--we won't even wait till inauguration, and I'll ask the president to help me and I'll ask his staff to help me."
n000178,1981.600,1982.520,(SILENCE)
f000361,1982.520,1988.000,And we will start putting together teams to put together--to take all the plans that exist and do something with them.
f000362,1988.000,1989.680,Please understand.
f000363,1989.680,1993.020,There are great plans lying all over Washington nobody ever executes.
f000364,1993.020,1996.040,It's like having a blueprint for a house you never built.
f000365,1996.040,1999.400,You don't have anywhere to sleep.
f000366,1999.400,2001.680,"Now our challenge is to take these things, do something with them."
f000367,2001.680,2008.340,"Step one, we want to put America back to work, clean up the small business problem, have one task force at work on that."
f000368,2008.340,2012.560,"The second, you've got your big companies that are in trouble, including the defense industries--have another one on that."
f000369,2012.560,2019.560,Have a 3rd task force on new industries of the future to make sure we nail those for our country and they don't wind up in Europe and Asia.
n000179,2019.560,2020.480,(SILENCE)
f000370,2020.480,2023.260,Convert from 19th to 21st century capitalism.
f000371,2023.260,2026.020,"See, we have an adversarial relationship between government and business."
n000180,2026.020,2026.720,(SILENCE)
f000372,2026.720,2035.200,"Our international competitors that are cleaning our plate have an intelligent relationship between government and business, and a supportive relationship."
n000181,2035.200,2036.920,(SILENCE)
f000373,2036.920,2041.400,"Then have another task force on crime because, next to jobs, our people are concerned about their safety."
n000182,2041.400,2042.040,(SILENCE)
f000374,2042.040,2045.920,"Health care, schools--one on the debt and deficit."
n000183,2045.920,2046.560,(SILENCE)
f000375,2046.560,2056.240,"And finally in that 90- day period before the inauguration, put together the framework for the town hall and give the American people a Christmas present."
f000376,2056.240,2059.680,Show them by Christmas the first cut at these plans.
f000377,2059.680,2065.520,"By the time Congress comes into session to go to work, have those plans ready to go in front of Congress."
n000184,2065.520,2065.840,(SILENCE)
f000378,2065.840,2070.400,Then get off to a flying start in '93 to execute these plans.
f000379,2070.400,2077.320,"Now, there are people in this room and people on this stage who've been in meetings when I would sit there and say, ""Is this the one we're going to talk about or do something about?"""
n000185,2077.320,2078.200,(SILENCE)
f000380,2078.200,2081.240,"Well, obviously, my orientation is let's go do it."
n000186,2081.240,2081.680,(SILENCE)
f000381,2081.680,2086.740,"Now, put together your plans by Christmas, be ready to go when Congress goes, nail these things."
f000382,2086.740,2091.940,"Small business--you've got to have capital, you've got to credit, and many of them need mentors or coaches."
n000187,2091.940,2092.440,(SILENCE)
f000383,2092.440,2095.460,And we can create more jobs there in a hurry than any other place.
n000188,2095.460,2096.200,(SILENCE)
f000384,2096.200,2097.240,"Governor Clinton, one minute."
f000385,2097.240,2110.120,"This country desperately needs a jobs program, and my first priority would be to pass a jobs program, to introduce it on the first day I was inaugurated."
n000189,2110.120,2110.880,(SILENCE)
f000386,2110.880,2121.000,"I would meet with the leaders of the Congress, with all the newly elected members of the Congress and as many others with whom I could meet between the time of the election and the inauguration, and we would present a jobs program."
n000190,2121.000,2121.600,(SILENCE)
f000387,2121.600,2126.800,Then we would present a plan to control health care costs and phase in health care coverage for all Americans.
n000191,2126.800,2127.280,(SILENCE)
f000388,2127.280,2130.900,"Until we control health care costs, we're not going to control the deficit."
f000389,2130.900,2132.680,It is the number one culprit.
f000390,2132.680,2135.760,But first we must have an aggressive jobs program.
n000192,2135.760,2136.160,(SILENCE)
f000391,2136.160,2151.520,"I live in a state where manufacturing job growth has far outpaced the nation in the last few years, where we have created more private sector jobs since Mr. Bush has been president than have been created in the entire rest of the country, where Mr. Bush's labor secretary said job growth has been enormous."
n000193,2151.520,2151.840,(SILENCE)
f000392,2151.840,2152.980,We've done it in Arkansas.
f000393,2152.980,2155.900,Give me a chance to create these kind of jobs in America.
f000394,2155.900,2156.500,We can do it.
f000395,2156.500,2157.880,I know we can.
f000396,2157.880,2157.881,(APPLAUSE)
f000397,2157.881,2162.680,"President Bush, one minute."
n000194,2162.680,2163.120,(SILENCE)
f000398,2163.120,2167.240,We've got the plan announced for what we can do for small business.
n000195,2167.240,2168.000,(SILENCE)
f000399,2168.000,2179.760,"I've already put forward things that'll get this country working fast, some of which have been echoed here tonight--investment tax allowance, capital gains reduction, more on research and development, tax credit for first-time home buyers."
n000196,2179.760,2180.200,(SILENCE)
f000400,2180.200,2201.300,"What I'm going to do is say to Jim Baker when this campaign is over, all right, let's sit down now, you do in domestic affairs what you've done in foreign affairs, be kind of the economic coordinator of all the domestic side of the House, and that includes all the economic side, all the training side, and bring this program together."
f000401,2201.300,2206.640,"We're going to have a new Congress, and we're going to say to them, you've listened to the voters the way we have."
n000197,2206.640,2207.240,(SILENCE)
f000402,2207.240,2211.640,"Nobody wants gridlock anymore, and so let's get the program through."
n000198,2211.640,2212.200,(SILENCE)
f000403,2212.200,2215.820,"And I believe it'll work because, as Ross said, we got the plans."
f000404,2215.820,2218.040,The plans are all over Washington.
f000405,2218.040,2228.600,"And I've put ours together in something called the Agenda for American Renewal, and it makes sense, it's sensible, it creates jobs, it gets to the base of the kind of jobs we need."
n000199,2228.600,2229.040,(SILENCE)
f000406,2229.040,2232.040,And so I'll just be asking for support to get that put into effect.
n000200,2232.040,2232.960,(SILENCE)
f000407,2232.960,2233.140,All right.
f000408,2233.140,2235.800,The next question goes to Governor Clinton for 2 minutes.
f000409,2235.800,2236.900,It will be asked by Sandy.
n000201,2236.900,2238.000,(SILENCE)
f000410,2238.000,2254.480,"Governor Clinton, when a president running for the first time gets into the office and wants to do something about the economy, he finds in Washington there's a person who has much more power over the economy than he does: the chairman of the Federal Reserve Board, accountable to no one."
n000202,2254.480,2255.680,(SILENCE)
f000411,2255.680,2267.480,"That being the case, would you go along with proposals made by Treasury Secretary James Brady and Congressman Lee Hamilton to make the Federal Reserve Board chairman somehow more accountable to elected officials?"
n000203,2267.480,2270.960,(SILENCE)
f000412,2270.960,2276.620,"Well, let me say that I think that we might ought to review the terms, the way it works."
f000413,2276.620,2279.640,"But frankly, I don't think that's the problem today."
f000414,2279.640,2281.720,We have low interest rates today.
n000204,2281.720,2282.520,(SILENCE)
f000415,2282.520,2285.400,At least we have low interest rates that the Fed can control.
n000205,2285.400,2286.320,(SILENCE)
f000416,2286.320,2291.300,Our long-term interest rates are still pretty high because of our deficit and because of our economic performance.
n000206,2291.300,2292.160,(SILENCE)
f000417,2292.160,2305.000,"And there was a terrible reaction internationally to Mr. Bush saying he was going to give us 4 more years of trickle-down economics--another across-the- board tax cut and most of it going to the wealthy, with no real guarantee of investment."
n000207,2305.000,2306.040,(SILENCE)
f000418,2306.040,2319.600,"But I think the important thing--the important thing-- is to use the powers the president does have on the assumption that, given the condition of this economy, we're going to keep interest rates down if we have the discipline to increase investment and reduce the debt at the same time."
n000208,2319.600,2320.040,(SILENCE)
f000419,2320.040,2320.800,That is my commitment.
n000209,2320.800,2321.440,(SILENCE)
f000420,2321.440,2323.600,I think the American people are ready for action.
n000210,2323.600,2324.000,(SILENCE)
f000421,2324.000,2328.100,I think Congress is hungry for someone who will work with them instead of manipulate them.
n000211,2328.100,2328.720,(SILENCE)
f000422,2328.720,2337.860,"Someone who will not veto a bill that has an investment tax credit, middle class tax relief, research and development tax credits as Mr. Bush has done."
f000423,2337.860,2339.480,Give me a chance to do that.
f000424,2339.480,2342.980,I don't have to worry in the near term about the Federal Reserve.
f000425,2342.980,2345.280,"Their policies so far, it seems to me, are pretty sound."
n000212,2345.280,2346.160,(SILENCE)
f000426,2346.160,2348.500,President Bush you have one minute.
f000427,2348.500,2351.800,I don't think the Fed ought to be put under the Executive Branch.
n000213,2351.800,2352.280,(SILENCE)
f000428,2352.280,2353.480,There is a separation there.
f000429,2353.480,2354.400,I think that's fine.
n000214,2354.400,2354.960,(SILENCE)
f000430,2354.960,2356.580,Alan Greenspan is respected.
f000431,2356.580,2366.280,"I've had some arguments with him about the speed in which we might have lowered interest rates, but Governor Clinton, he talks about the reaction to the markets."
n000215,2366.280,2366.680,(SILENCE)
f000432,2366.680,2371.480,"There was a momentary fear that he might win and that the markets went phwee, down like that."
f000433,2371.480,2375.840,"So I don't think we can judge on, the stock market has been strong."
f000434,2375.840,2378.560,It's been very strong since I've been president.
f000435,2378.560,2385.600,"And they recognize we got great difficulties, but they're also much more optimistic than the pessimists we have up here tonight."
f000436,2385.600,2388.000,"In terms of vetoing tax bills, you're darn right."
n000216,2388.000,2388.320,(SILENCE)
f000437,2388.320,2393.740,I am going to protect the American taxpayer against the spend and tax Congress.
f000438,2393.740,2398.800,"And I'm going to keep on vetoing them, because I don't think we're taxed too little."
n000217,2398.800,2399.440,(SILENCE)
f000439,2399.440,2401.040,I think the government's spending too much.
f000440,2401.040,2404.240,So Governor Clinton can label it tax for the rich or anything he wants.
f000441,2404.240,2412.240,"I'm going to protect the working man by continuing to veto, and to threaten to veto until we get this new Congress, and then we're going to move forward on our plan."
f000442,2412.240,2413.320,Iâ€™ve got to protect them.
n000218,2413.320,2413.880,(SILENCE)
f000443,2413.880,2414.760,"Mr. Perot, one minute."
n000219,2414.760,2415.200,(SILENCE)
f000444,2415.200,2419.060,"Keep the Federal Reserve independent, but let's live in a world of reality."
f000445,2419.060,2422.160,"We live in a global economy, not a national economy."
f000446,2422.160,2426.720,These interest rates we have now don't make any sense.
f000447,2426.720,2433.060,"We have a four trillion dollar debt, and only in America would you finance seventy percent of it five years or less."
n000220,2433.060,2434.120,(SILENCE)
f000448,2434.120,2437.240,So seventy percent of our debt is five years or less.
f000449,2437.240,2438.180,It's very interest sensitive.
n000221,2438.180,2438.880,(SILENCE)
f000450,2438.880,2446.540,"We have a four percent gap between what we pay for treasuries, and what Germany pays for one to five year treasuries."
f000451,2446.540,2453.640,"That gap is going to close, because the Arabs, the Japanese and folks in this country are going to start buying German treasuries because they can get more money."
n000222,2453.640,2455.080,(SILENCE)
f000452,2455.080,2463.700,"Every time our interest rates go up one percent, that adds 28 billion dollars to the deficit or to the debt."
f000453,2463.700,2464.920,Whichever place you put it.
n000223,2464.920,2465.880,(SILENCE)
f000454,2465.880,2474.000,"We are sitting on a ticking time bomb folks, because we have totally mismanaged our country, and we had better get it back under control."
n000224,2474.000,2474.360,(SILENCE)
f000455,2474.360,2480.240,"Just think in your own business, if you had all of your long term problems financed short term."
f000456,2480.240,2486.960,You'd go broke in a hurry.
f000457,2486.960,2488.780,We're going to move to foreign affairs.
f000458,2488.780,2493.920,"The first question goes to Mr. Perot for a two minute answer, and Sandy will ask it."
n000225,2493.920,2494.720,(SILENCE)
f000459,2494.720,2503.260,"Mr Perot, in the postwar coldwar environment, what should be the overriding U.S. national interest?"
n000226,2503.260,2503.960,(SILENCE)
f000460,2503.960,2512.040,"And what can the United States do, and what can it afford to do, to defend the national interest?"
n000227,2512.040,2513.040,(SILENCE)
f000461,2513.040,2514.960,"Again, if you're not rich, you're not a superpower."
f000462,2514.960,2517.600,So we have two that I'd put as number one.
f000463,2517.600,2519.840,I have number 1 and 1A.
f000464,2519.840,2525.680,"One is we've got to have the money to be able to pay for defense, and we've got to manufacture here."
f000465,2525.680,2529.520,"Believe it or not folks, you can't ship it all overseas, you've got to make it here."
f000466,2529.520,2533.600,And you can't convert from potato chips to airplanes in an emergency.
n000228,2533.600,2534.760,(SILENCE)
f000467,2534.760,2539.860,"See, Willow Run could be converted from cars to airplanes in World War II because it was here."
f000468,2539.860,2541.240,We've got to make things here.
f000469,2541.240,2542.540,You can't ship them overseas anymore.
f000470,2542.540,2544.540,I hope we can talk more about that.
n000229,2544.540,2545.200,(SILENCE)
f000471,2545.200,2546.600,"Second thing, on priorities."
n000230,2546.600,2548.120,(SILENCE)
f000472,2548.120,2551.540,We've got to help Russia succeed in its revolution and all of its republics.
f000473,2551.540,2555.160,"When we think of Russia, remember we're thinking of many countries, now."
n000231,2555.160,2555.920,(SILENCE)
f000474,2555.920,2556.700,We've got to help them.
f000475,2556.700,2560.200,That's pennies on the dollar compared to renewing the cold war.
n000232,2560.200,2561.880,(SILENCE)
f000476,2561.880,2569.540,"Third, we've got all kinds of agreements on paper, and some that are being executed on getting rid of nuclear warheads."
n000233,2569.540,2570.560,(SILENCE)
f000477,2570.560,2575.920,Russia and its republics are out of control or at best in weak control right now.
n000234,2575.920,2576.800,(SILENCE)
f000478,2576.800,2578.320,It's a very unstable situation.
f000479,2578.320,2582.040,You've got every rich Middle Eastern country over there trying to buy nuclear weapons.
f000480,2582.040,2582.760,As you well know.
n000235,2582.760,2583.200,(SILENCE)
f000481,2583.200,2588.440,And that will lead to another five star migraine headache down the road.
f000482,2588.440,2594.860,"We really need to nail down the big intercontinental ballistic missiles, the ones that can hit us from Russia."
n000236,2594.860,2595.880,(SILENCE)
f000483,2595.880,2597.980,And we've focused on the tactical.
f000484,2597.980,2599.240,We've made real progress there.
f000485,2599.240,2604.540,"We've got some agreement on the nuclear, but we don't have those things put away yet."
f000486,2604.540,2605.400,The sooner the better.
f000487,2605.400,2608.360,"So, in terms of priorities, we've got to be financially strong."
n000237,2608.360,2608.960,(SILENCE)
f000488,2608.960,2616.760,"Number two, we've got to take care of this missile situation and try to get the nuclear war behind us and give this thing very high priority."
n000238,2616.760,2617.640,(SILENCE)
f000489,2617.640,2629.600,"And number three, we need to help and support Russia and the republics in every possible way to become democratic capitalistic societies, and not just sit back and let those countries continue in turmoil."
n000239,2629.600,2630.120,(SILENCE)
f000490,2630.120,2632.120,Because they could go back worse than things used to be.
f000491,2632.120,2634.020,And believe me there are a lot of old boys in the K.G.B.
f000492,2634.020,2637.620,and the military that liked it better the way it used to be.
n000240,2637.620,2638.640,(SILENCE)
f000493,2638.640,2639.920,"Governor Clinton, one minute."
n000241,2639.920,2641.200,(SILENCE)
f000494,2641.200,2646.700,"In order to keep America the strongest nation in the world, we need some continuity and some change."
n000242,2646.700,2647.520,(SILENCE)
f000495,2647.520,2649.400,There are three fundamental challenges.
n000243,2649.400,2650.240,(SILENCE)
f000496,2650.240,2653.080,"First of all, the world is still a dangerous and uncertain place."
n000244,2653.080,2653.920,(SILENCE)
f000497,2653.920,2665.940,"We need a new military and a new national security policy equal to the challenges of a post cold war era, a smaller permanent military force, but one that is more mobile, well trained with high technology equipment."
n000245,2665.940,2666.880,(SILENCE)
f000498,2666.880,2673.080,"We need to continue the negotiations to reduce the nuclear arsenals in the Soviet Union, the former Soviet Union, and the United States."
n000246,2673.080,2673.960,(SILENCE)
f000499,2673.960,2676.920,We need to stop this proliferation of weapons of mass destruction.
n000247,2676.920,2677.800,(SILENCE)
f000500,2677.800,2683.840,"Second, we have to face that in this world, economic security is a whole lot of national security."
n000248,2683.840,2684.520,(SILENCE)
f000501,2684.520,2687.680,Our dollar's at an all time low against some foreign currencies.
n000249,2687.680,2688.040,(SILENCE)
f000502,2688.040,2689.000,We're weak in the world.
f000503,2689.000,2690.760,We must rebuild America's strength at home.
n000250,2690.760,2691.360,(SILENCE)
f000504,2691.360,2695.040,"And finally, we ought to be promoting the democratic impulses around the world."
n000251,2695.040,2695.440,(SILENCE)
f000505,2695.440,2696.680,Democracies are our partners.
f000506,2696.680,2697.960,They don't go to war with each other.
n000252,2697.960,2698.360,(SILENCE)
f000507,2698.360,2699.800,They're reliable friends in the future.
n000253,2699.800,2700.320,(SILENCE)
f000508,2700.320,2703.200,"National security, economic strength, democracy."
n000254,2703.200,2704.360,(SILENCE)
f000509,2704.360,2705.220,"President Bush, one minute."
f000510,2705.220,2707.940,"Well, we still are the envy of the world in terms of our military."
f000511,2707.940,2710.120,There's no question about that.
n000255,2710.120,2710.880,(SILENCE)
f000512,2710.880,2714.900,"We're the envy of the world in terms of our economy, despite the difficulties we're having."
f000513,2714.900,2717.280,There's no question about that.
f000514,2717.280,2719.640,Our exports are dramatically up.
f000515,2719.640,2737.740,"I might say to Mr. Perot, I can understand why you might have missed it, because there's so much fascination with trivia, but I worked out a deal with Boris Yeltsin to eliminate, get rid of entirely, the most destabilizing weapons of all, the SS-18, the intercontinental ballistic missile."
f000516,2737.740,2739.000,"I mean, that's been done."
n000256,2739.000,2739.680,(SILENCE)
f000517,2739.680,2746.680,"And thank God, it has, because the parents of these young people around here go to bed at night without the same fear of nuclear war."
f000518,2746.680,2748.480,We made dramatic progress.
f000519,2748.480,2750.620,"And so, we've got a good military."
f000520,2750.620,2760.160,"the question, to sort of get a new military, get the best in the world, we got it, and theyâ€™re keeping the peace, and they're respected around the world."
f000521,2760.160,2763.400,And we're more respected because of the way we have conducted ourselves.
f000522,2763.400,2765.520,We didn't listen to the nuclear freeze crowd.
n000257,2765.520,2766.400,(SILENCE)
f000523,2766.400,2769.360,"We said, ""Peace through strength,"" and it worked and the cold war is over."
n000258,2769.360,2769.840,(SILENCE)
f000524,2769.840,2771.320,And America understands that.
n000259,2771.320,2771.680,(SILENCE)
f000525,2771.680,2775.920,"But we're so, turned so inward we don't understand the global picture."
n000260,2775.920,2776.320,(SILENCE)
f000526,2776.320,2778.720,"And we are helping democracy, Ross."
f000527,2778.720,2789.280,"The Freedom Support Act is something I got through the Congress, and it's a very good thing, because it does exactly what you say, and I think you agree with that, to help Russian democracy."
f000528,2789.280,2791.980,And we're going to keep on doing that.
f000529,2791.980,2794.820,"Next question is for Governor Clinton, and John will ask it."
n000261,2794.820,2795.360,(SILENCE)
f000530,2795.360,2799.920,"Governor Clinton, you accused the President of coddling tyrants, including those in Beijing."
n000262,2799.920,2800.560,(SILENCE)
f000531,2800.560,2805.960,"As President, how would you exert U.S. power to influence affairs in China."
n000263,2805.960,2808.680,(SILENCE)
f000532,2808.680,2822.240,"I think our relationships with China are important and I don't want to isolate China, but I think it is a mistake for us to do what this Administration did when all those kids went out there carrying the Statue of Liberty in Tiananmen Square."
f000533,2822.240,2830.520,Mr Bush sent two people in secret to toast the Chinese leaders and basically tell them not to worry about it.
n000264,2830.520,2831.640,(SILENCE)
f000534,2831.640,2836.340,They rewarded him by opening negotiations with Iran to transfer nuclear technology.
f000535,2836.340,2839.000,That was their response to that sort of action.
n000265,2839.000,2840.360,(SILENCE)
f000536,2840.360,2848.220,"Now that the voices in the Congress and throughout the country have insisted that we do something about China, look at what has happened."
n000266,2848.220,2849.000,(SILENCE)
f000537,2849.000,2854.080,China has finally agreed to stop sending us products made with prison labor.
n000267,2854.080,2854.840,(SILENCE)
f000538,2854.840,2859.760,"Not because we coddled them, but because the Administration was pushed into doing something about it."
f000539,2859.760,2871.920,"And recently the Chinese have announced they are going to lower some barriers to our products, which they ought to do since they have a 15 billion dollar trade surplus with the United States under Mr. Bush."
n000268,2871.920,2872.320,(SILENCE)
f000540,2872.320,2876.240,The second biggest surplus next to Japan.
n000269,2876.240,2876.960,(SILENCE)
f000541,2876.960,2878.040,So I would be firm.
n000270,2878.040,2878.840,(SILENCE)
f000542,2878.840,2888.680,"I would say if you want to continue as Most Favored Nation status for your government owned industries as well as your private ones, observe human rights in the future."
f000543,2888.680,2889.480,Open your society.
n000271,2889.480,2890.040,(SILENCE)
f000544,2890.040,2894.160,Recognize the legitimacy of those kids that were carrying the Statue of Liberty.
f000545,2894.160,2899.520,"If we can stand up for our economics, we ought to be able to preserve the democratic interests of the people of China."
f000546,2899.520,2904.440,And over the long run they will be more reliable partners.
f000547,2904.440,2909.640,President you have one minute.
f000548,2909.640,2916.800,"Well, the Administration was the first major country to stand up to the abuse in Tiananmen Square."
n000272,2916.800,2917.760,(SILENCE)
f000549,2917.760,2920.480,We are the one that worked out the prison labor deal.
f000550,2920.480,2924.560,We are the ones that lowered the barrier to products with Carla Hill's negotiation.
n000273,2924.560,2925.200,(SILENCE)
f000551,2925.200,2927.900,I am the one that said let's keep the M.F.N.
f000552,2927.900,2931.760,because you see China moving towards a free market economy.
n000274,2931.760,2932.080,(SILENCE)
f000553,2932.080,2937.240,"To do what the Congress and Governor Clinton is suggesting, you'd isolate and ruin Hong Kong."
n000275,2937.240,2937.840,(SILENCE)
f000554,2937.840,2940.400,"They are making some progress, not enough for us."
f000555,2940.400,2942.480,We were the first ones to put sanctions on.
f000556,2942.480,2944.560,"We still have them on, on some things."
n000276,2944.560,2945.040,(SILENCE)
f000557,2945.040,2947.760,But Governor Clinton's philosophy is isolate them.
n000277,2947.760,2948.120,(SILENCE)
f000558,2948.120,2953.640,"He says don't do it, but the policies he's expounding of putting conditions on M.F.N."
f000559,2953.640,2958.040,and kind of humiliating them is not the way you make the kind of progress we are getting.
n000278,2958.040,2958.520,(SILENCE)
f000560,2958.520,2966.680,"And I've stood up with these people, and I understand what you have to do to be strong in this situation, and it's moving, not as fast as we'd like."
n000279,2966.680,2967.040,(SILENCE)
f000561,2967.040,2972.840,"But you isolate China and turn them inward, and then we've made a tremendous mistake."
f000562,2972.840,2973.280,And I'm not going to do it.
f000563,2973.280,2980.640,"And I've had to fight a lot of people that were saying human rights, and weâ€™re the ones that put the sanctions on and stood for it."
f000564,2980.640,2982.980,And he can insult General Scowcroft if he wants to.
f000565,2982.980,2984.460,They didn't go over to coddle.
f000566,2984.460,2987.260,He went over to say we must make the very changes they're making now.
f000567,2987.260,2988.320,"One minute, Mr. Perot."
f000568,2988.320,2988.360,"All right, it's huge."
f000569,2988.360,2999.620,"China, is a huge country, broken into many provinces."
n000280,2999.620,3000.240,(SILENCE)
f000570,3000.240,3004.960,It has some very elderly leaders that will not be around too much longer.
n000281,3004.960,3006.040,(SILENCE)
f000571,3006.040,3010.760,Capitalism is growing and thriving across big portions of China.
n000282,3010.760,3011.600,(SILENCE)
f000572,3011.600,3015.280,Asia will be our largest trading partner in the future.
n000283,3015.280,3016.200,(SILENCE)
f000573,3016.200,3018.640,It will be a growing and a closer relationship.
n000284,3018.640,3019.400,(SILENCE)
f000574,3019.400,3031.600,"We have a delicate, tight-wire walk that we must go through at the present time to make sure that we do not cozy up to tyrants, to make sure that they don't get the impression that they can suppress their people."
n000285,3031.600,3032.280,(SILENCE)
f000575,3032.280,3042.640,"But time is our friend there, because their leaders will change in not too many years, worst case, and their country is making great progress."
f000576,3042.640,3043.500,One last point on the missiles.
f000577,3043.500,3045.500,I don't want the American people to be confused.
f000578,3045.500,3055.380,"We have written agreements and we have some missiles that have been destroyed, but we have a huge number of intercontinental ballistic missiles that are still in place in Russia."
f000579,3055.380,3056.840,The fact that you have an agreement is one thing.
n000286,3056.840,3057.240,(SILENCE)
f000580,3057.240,3061.240,"Till they're destroyed, some crazy person can either sell them or use them."
n000287,3061.240,3062.400,(SILENCE)
f000581,3062.400,3062.600,All right.
f000582,3062.600,3067.900,"The next question goes to President Bush for a 2-minute answer, and Ann will ask it."
f000583,3067.900,3085.360,"Mr. President, how can you watch the killing in Bosnia and the ethnic cleansing, or the starvation and anarchy in Somalia, and not want to use America's might, if not America's military, to try to end that kind of suffering?"
f000584,3085.360,3088.300,"Ann, both of them are very complicated situations."
f000585,3088.300,3092.440,And I vowed something because I learned something from Vietnam.
n000288,3092.440,3093.400,(SILENCE)
f000586,3093.400,3104.920,"I am not going to commit US forces until I know what the mission is, till the military tell me that it can be completed, and till I know how they can come out."
n000289,3104.920,3105.880,(SILENCE)
f000587,3105.880,3107.440,We are helping.
f000588,3107.440,3112.640,American airplanes are helping today on humanitarian relief for Sarajevo.
f000589,3112.640,3116.720,It is America that's in the lead in helping with humanitarian relief for Somalia.
n000290,3116.720,3117.360,(SILENCE)
f000590,3117.360,3128.200,"But when you go to put somebody else's son or daughter into war, I think you got to be a little bit careful and you have to be sure that there's a military plan that can do this."
n000291,3128.200,3128.520,(SILENCE)
f000591,3128.520,3142.120,"You have ancient ethnic rivalries that have cropped up as Yugoslavia's dissolved or getting dissolved, and it isn't going to be solved by sending in the 82nd Airborne, and I'm not going to do that as commander-in-chief."
n000292,3142.120,3142.520,(SILENCE)
f000592,3142.520,3155.280,"I am going to stand by and use the moral persuasion of the US to get satisfaction in terms of prison camps, and we're making some progress there, and in terms of getting humanitarian relief in there."
n000293,3155.280,3155.760,(SILENCE)
f000593,3155.760,3164.560,"And right now, as you know, the US took the lead in a no-fly operation up there in-- no- fly order up in the United Nations."
n000294,3164.560,3164.880,(SILENCE)
f000594,3164.880,3168.280,We're working through the international organizations.
f000595,3168.280,3176.400,"That's one thing I learned by forging that tremendous and greatly--highly successful coalition against Saddam Hussein, the dictator."
n000295,3176.400,3177.080,(SILENCE)
f000596,3177.080,3179.480,Use--work internationally to do it.
n000296,3179.480,3179.840,(SILENCE)
f000597,3179.840,3181.080,I am very concerned about it.
n000297,3181.080,3181.560,(SILENCE)
f000598,3181.560,3183.240,I am concerned about ethnic cleansing.
n000298,3183.240,3183.680,(SILENCE)
f000599,3183.680,3187.040,"I am concerned about a tax on Muslims, for example, over there."
n000299,3187.040,3187.440,(SILENCE)
f000600,3187.440,3197.460,"But I must stop short of using American force until I know how those young men and women are going to get out of there as well as get in, know what the mission is, and define it."
f000601,3197.460,3198.800,And I think I'm on the right track.
n000300,3198.800,3199.400,(SILENCE)
f000602,3199.400,3200.240,"Are you designing a mission,"
f000603,3200.240,3202.820,"Ms.--Ann, sorry, sorry."
f000604,3202.820,3203.280,Time is up.
f000605,3203.280,3207.740,We have to go to Mr. Perot for a one-minute response.
f000606,3207.740,3212.120,I think if we learned anything in Vietnam is you first commit this nation before you commit the troops to the battlefield.
n000301,3212.120,3213.720,(SILENCE)
f000607,3213.720,3218.980,We cannot send our people all over the world to solve every problem that comes up.
f000608,3218.980,3223.600,This is basically a problem that is a primary concern to the European Community.
n000302,3223.600,3224.160,(SILENCE)
f000609,3224.160,3228.000,"Certainly we care about the people, we care about the children, we care about the tragedy."
f000610,3228.000,3247.500,"But it is inappropriate for us, just because there's a problem somewhere around the world, to take the sons and daughters of working people--and make no mistake about it, our all- volunteer armed force is not made up of the sons and daughters of the beautiful people; it's the working folks who send their sons and daughters to war, with a few exceptions."
n000303,3247.500,3248.520,(SILENCE)
f000611,3248.520,3251.900,"It's very unlike World War II, when FDR's sons flew missions."
n000304,3251.900,3253.040,(SILENCE)
f000612,3253.040,3253.720,Everybody went.
n000305,3253.720,3254.120,(SILENCE)
f000613,3254.120,3256.040,It's a different world now.
n000306,3256.040,3256.520,(SILENCE)
f000614,3256.520,3263.220,"It's very important that we not just, without thinking it through, just rush to every problem in the world and have our people torn to pieces."
n000307,3263.220,3264.920,(SILENCE)
f000615,3264.920,3265.840,"Governor Clinton, one minute."
n000308,3265.840,3267.080,(SILENCE)
f000616,3267.080,3276.080,I agree that we cannot commit ground forces to become involved in the quagmire of Bosnia or in the tribal wars of Somalia.
n000309,3276.080,3277.080,(SILENCE)
f000617,3277.080,3284.400,"But I think that it's important to recognize that there are things that can be done short of that, and that we do have interests there."
n000310,3284.400,3285.240,(SILENCE)
f000618,3285.240,3299.320,"There are, after all, 2 million refugees now because of the problems in what was Yugoslavia, the largest number since World War II, and there may be hundreds of thousands of people who will starve or freeze to death in this winter."
f000619,3299.320,3301.620,The US should try to work with its allies and stop it.
n000311,3301.620,3302.560,(SILENCE)
f000620,3302.560,3306.240,"I urged the president to support this air cover, and he did--and I applaud that."
n000312,3306.240,3306.920,(SILENCE)
f000621,3306.920,3312.400,"I applaud the no-fly zone, and I know that he's going back to the United Nations to try to get authority to enforce it."
n000313,3312.400,3312.960,(SILENCE)
f000622,3312.960,3329.280,"I think we should stiffen the embargo on the Belgrade government, and I think we have to consider whether or not we should lift the arms embargo now on the Bosnians, since they are in no way in a fair fight with a heavily armed opponent bent on ethnic cleansing."
f000623,3329.280,3332.400,"We can't get involved in the quagmire, but we must do what we can."
n000314,3332.400,3333.000,(SILENCE)
TAIL,3333.000,3333.015,
